/*
    Nama    : Muhammad Akbar Ivanka
    NIM     : 103122400069
    Database setup & tugas
*/

-- ----------------------------


DROP TABLE "FILM_103122400059" CASCADE CONSTRAINTS;
CREATE TABLE "FILM_103122400059" (
  "ID_FILM" CHAR(5 BYTE) NOT NULL,
  "JUDUL" VARCHAR2(100 BYTE) NOT NULL,
  "SINOPSIS" VARCHAR2(1000 BYTE),
  "TAHUN" NUMBER,
  "DURASI" NUMBER
);

-- ----------------------------

INSERT INTO "FILM_103122400059" VALUES ('F0101', 'Keluarga Cemara', 'Fokus cerita ini masih soal, Emak serta kedua anak mereka, Euis dan Ara . Persis dengan cerita di sinetronnya, film ini mengisahkan tentang bagaimana perjalanan hidup keluarga Abah yang semula nyaman dan mapan lalu kemudian mendadak bangkrut. Abah pun mengajak keluarganya pindah ke rumah warisan yang cukup jauh dari kota. Dengan segala keterbatasan dan kekurangan yang ia memiliki, Abah berusaha menjadi kepala keluarga serta ayah yang baik untuk anak-anaknya. Untung saja, Emak tak pernah lelah mendampinginya dan berusaha menjadi sandaran di saat mereka sedih.', '2019', '110');
INSERT INTO "FILM_103122400059" VALUES ('F0102', 'Habibie Ainun 3', 'Habibie Ainun 3 adalah sebuah film Indonesia tahun 2019 yang disutradarai oleh Hanung Bramantyo dan diproduksi oleh Manoj Punjabi (MD Pictures). Film ini adalah film ketiga dari seri film Habibie Ainun. Bila Rudy Habibie merupakan prekuel dari kisah Habibie muda, maka Habibie Ainun 3 ini adalah prekuel dari kisah Ainun muda. Film ini dijadwalkan rilis pada 19 Desember 2019.', '2019', '96');
INSERT INTO "FILM_103122400059" VALUES ('F0103', 'Taufiq', 'Kisah penjalanan hidup politisi yang juga suami Mantan Presiden RI, Megawati Soekarnoputri, Taufiq Kiemas diangkat dalam sebuah film tayang 14 Maret 2019. Film yang diangkat dari kisah nyata itu disutradarai sekaligus skenarionya ditulis oleh Ismail Basbeth. Perjalanan hidup membawanya ke Jakarta dan bertemu langsung dengan Soekarno, menjalin persahabatan dengan Guntur Soekarnoputra serta bertemu Megawati Soekarnoputri untuk pertama kalinya. Taufiq akan memahami arti dari persahabatan, keluarga, cinta dan negara ketika dia menjalani ujian hidup sebagai seorang nasionalis. Setelah itu Ia dijebloskan ke penjara bersama sahabatnya dituduh sebagai anggota Komunis. Dalam penjara Taufiq banyak bertemu orang-orang hebat. Dari situlah perjalanan seorang lelaki yang menantang badai.', '2019', '105');;
INSERT INTO "FILM_103122400059" VALUES ('F0104', 'Buya Hamka', 'Buya Hamka adalah film drama biografi Indonesia tentang Abdul Malik Karim Amrullah atau Hamka, seorang ulama Indonesia yang dikenal sebagai penulis, pujangga, dan politisi. Buya Hamka akan mengisahkan kehidupan Hamka sejak lahir sampai meninggal dunia. Sebelum menjadi sosok yang dikenal banyak orang, Hamka telah melewati beberapa perubahan, mulai dari kanak-kanak, remaja, hingga berkeluarga. Sebagai ulama, film ini menyoroti bagaimana cara Hamka menyampaikan dakwahnya secara santun. Selain itu, Buya Hamka menyoroti aspek humanis Hamka dan prosesnya menggapai semua pencapaian.', '2019', '110');

-- ----------------------------

DROP TABLE "INVENTORI_103122400059" CASCADE CONSTRAINTS;
CREATE TABLE "INVENTORI_103122400059" (
  "ID_INVENTORI" CHAR(6 BYTE) NOT NULL,
  "ID_THEATER" VARCHAR2(20 BYTE) NOT NULL,
);

-- ----------------------------

INSERT INTO "INVENTORI_103122400059" VALUES ('IN1001', 'Teater 1', 'A1');
INSERT INTO "INVENTORI_103122400059" VALUES ('IN1002', 'Teater 1', 'A2');
INSERT INTO "INVENTORI_103122400059" VALUES ('IN1003', 'Teater 1', 'A3');
INSERT INTO "INVENTORI_103122400059" VALUES ('IN1004', 'Teater 1', 'A4');
INSERT INTO "INVENTORI_103122400059" VALUES ('IN1005', 'Teater 1', 'A5');
INSERT INTO "INVENTORI_103122400059" VALUES ('IN1006', 'Teater 2', 'A6');
INSERT INTO "INVENTORI_103122400059" VALUES ('IN1007', 'Teater 2', 'A7');
INSERT INTO "INVENTORI_103122400059" VALUES ('IN1008', 'Teater 2', 'A8');
INSERT INTO "INVENTORI_103122400059" VALUES ('IN1009', 'Teater 2', 'B1');
INSERT INTO "INVENTORI_103122400059" VALUES ('IN1010', 'Teater 2', 'B2');
INSERT INTO "INVENTORI_103122400059" VALUES ('IN1011', 'Teater 3', 'C1');
INSERT INTO "INVENTORI_103122400059" VALUES ('IN1012', 'Teater 3', 'C2');

-- ----------------------------

DROP TABLE "JADWAL_103122400059" CASCADE CONSTRAINTS;
CREATE TABLE "JADWAL_103122400059" (
  "ID_JADWAL" CHAR(5 BYTE) NOT NULL,
  "ID_FILM" CHAR(5 BYTE) NOT NULL,
  "ID_THEATER" VARCHAR2(20 BYTE) NOT NULL,
  "PERIODE_START" DATE,
  "PERIODE_END" DATE
);

-- ----------------------------

INSERT INTO "JADWAL_103122400059" VALUES ('JT001', 'F0101', 'Teater 1', TO_DATE('2019-01-07 00:00:00', 'SYYYY-MM-DD HH24:MI:SS'), TO_DATE('2019-07-07 00:00:00', 'SYYYY-MM-DD HH24:MI:SS'));
INSERT INTO "JADWAL_103122400059" VALUES ('JT002', 'F0101', 'Teater 1', TO_DATE('2019-01-07 00:00:00', 'SYYYY-MM-DD HH24:MI:SS'), TO_DATE('2019-07-07 00:00:00', 'SYYYY-MM-DD HH24:MI:SS'));
INSERT INTO "JADWAL_103122400059" VALUES ('JT003', 'F0102', 'Teater 1', TO_DATE('2019-01-07 00:00:00', 'SYYYY-MM-DD HH24:MI:SS'), TO_DATE('2019-07-07 00:00:00', 'SYYYY-MM-DD HH24:MI:SS'));
INSERT INTO "JADWAL_103122400059" VALUES ('JT004', 'F0101', 'Teater 2', TO_DATE('2019-01-07 00:00:00', 'SYYYY-MM-DD HH24:MI:SS'), TO_DATE('2019-07-07 00:00:00', 'SYYYY-MM-DD HH24:MI:SS'));
INSERT INTO "JADWAL_103122400059" VALUES ('JT005', 'F0103', 'Teater 2', TO_DATE('2019-01-07 00:00:00', 'SYYYY-MM-DD HH24:MI:SS'), TO_DATE('2019-07-07 00:00:00', 'SYYYY-MM-DD HH24:MI:SS'));
INSERT INTO "JADWAL_103122400059" VALUES ('JT006', 'F0102', 'Teater 2', TO_DATE('2019-01-07 00:00:00', 'SYYYY-MM-DD HH24:MI:SS'), TO_DATE('2019-07-07 00:00:00', 'SYYYY-MM-DD HH24:MI:SS'));
INSERT INTO "JADWAL_103122400059" VALUES ('JT007', 'F0104', 'Teater 2', TO_DATE('2019-01-07 00:00:00', 'SYYYY-MM-DD HH24:MI:SS'), TO_DATE('2019-07-07 00:00:00', 'SYYYY-MM-DD HH24:MI:SS'));
INSERT INTO "JADWAL_103122400059" VALUES ('JT008', 'F0102', 'Teater 3', TO_DATE('2019-01-07 00:00:00', 'SYYYY-MM-DD HH24:MI:SS'), TO_DATE('2019-07-07 00:00:00', 'SYYYY-MM-DD HH24:MI:SS'));
INSERT INTO "JADWAL_103122400059" VALUES ('JT009', 'F0101', 'Teater 1', TO_DATE('2019-01-07 00:00:00', 'SYYYY-MM-DD HH24:MI:SS'), TO_DATE('2019-07-07 00:00:00', 'SYYYY-MM-DD HH24:MI:SS'));
INSERT INTO "JADWAL_103122400059" VALUES ('JT010', 'F0102', 'Teater 1', TO_DATE('2019-01-07 00:00:00', 'SYYYY-MM-DD HH24:MI:SS'), TO_DATE('2019-07-07 00:00:00', 'SYYYY-MM-DD HH24:MI:SS'));

-- ----------------------------

DROP TABLE "MEMBER_103122400059" CASCADE CONSTRAINTS;
CREATE TABLE "MEMBER_103122400059" (
  "ID_MEMBER" CHAR(6 BYTE) NOT NULL,
  "NAMA" VARCHAR2(255 BYTE) NOT NULL,
  "NO_HP" VARCHAR2(20 BYTE) NOT NULL,
  "EMAIL" VARCHAR2(20 BYTE),
  "TGL_LAHIR" DATE
);

-- ----------------------------

INSERT INTO "MEMBER_103122400059" VALUES ('MM0111', 'Anto', '085267656789', 'Anto2016@gmail.com', TO_DATE('1989-07-21 00:00:00', 'SYYYY-MM-DD HH24:MI:SS'));
INSERT INTO "MEMBER_103122400059" VALUES ('MM0112', 'Budi', '081367589632', 'Budi2016@gmail.com', TO_DATE('1985-01-03 00:00:00', 'SYYYY-MM-DD HH24:MI:SS'));
INSERT INTO "MEMBER_103122400059" VALUES ('MM0113', 'Ari', '081267867543', 'Ari2016@gmail.com', TO_DATE('1983-11-24 00:00:00', 'SYYYY-MM-DD HH24:MI:SS'));
INSERT INTO "MEMBER_103122400059" VALUES ('MM0114', 'Rahmi', '085267935678', 'Rahmi2016@gmail.com', TO_DATE('1981-09-01 00:00:00', 'SYYYY-MM-DD HH24:MI:SS'));
INSERT INTO "MEMBER_103122400059" VALUES ('MM0115', 'Fahmi', '085767298908', 'Fahmi2016@gmail.com', TO_DATE('1986-07-15 00:00:00', 'SYYYY-MM-DD HH24:MI:SS'));
INSERT INTO "MEMBER_103122400059" VALUES ('MM0116', 'Rusli', '085643755398', 'Rusli2016@gmail.com', TO_DATE('1988-02-26 00:00:00', 'SYYYY-MM-DD HH24:MI:SS'));
INSERT INTO "MEMBER_103122400059" VALUES ('MM0117', 'Doni', '081398426789', 'Doni2016@gmail.com', TO_DATE('1986-04-17 00:00:00', 'SYYYY-MM-DD HH24:MI:SS'));
INSERT INTO "MEMBER_103122400059" VALUES ('MM0118', 'Tati', '085245289074', 'Tati2016@gmail.com', TO_DATE('1985-06-22 00:00:00', 'SYYYY-MM-DD HH24:MI:SS'));
INSERT INTO "MEMBER_103122400059" VALUES ('MM0119', 'Dono', '081287234567', 'Dono2016@gmail.com', TO_DATE('1990-07-03 00:00:00', 'SYYYY-MM-DD HH24:MI:SS'));
INSERT INTO "MEMBER_103122400059" VALUES ('MM0120', 'Joko', '081223670942', 'Joko2016@gmail.com', TO_DATE('1988-07-19 00:00:00', 'SYYYY-MM-DD HH24:MI:SS'));

-- ----------------------------

DROP TABLE "THEATER_103122400059" CASCADE CONSTRAINTS;
CREATE TABLE "THEATER_103122400059" (
  "ID_THEATER" VARCHAR2(20 BYTE) NOT NULL,
  "KELAS" VARCHAR2(20 BYTE),
  "HARGA" NUMBER NOT NULL,
  "KAPASITAS" NUMBER
);

-- ----------------------------

INSERT INTO "THEATER_103122400059" VALUES ('Teater 1', 'Reguler', '30000', '50');
INSERT INTO "THEATER_103122400059" VALUES ('Teater 2', 'Sweetbox', '100000', '50');
INSERT INTO "THEATER_103122400059" VALUES ('Teater 3', '4D', '75000', '50');
INSERT INTO "THEATER_103122400059" VALUES ('Teater 4', 'Velvet', '80000', '50');
INSERT INTO "THEATER_103122400059" VALUES ('Teater 5', '3D', '50000', '50');

-- ----------------------------

DROP TABLE "TRANSAKSI_103122400059" CASCADE CONSTRAINTS;
CREATE TABLE "TRANSAKSI_103122400059" (
  "KODE_PEMESANAN" CHAR(6 BYTE) NOT NULL,
  "ID_MEMBER" CHAR(6 BYTE) NOT NULL,
  "ID_JADWAL" CHAR(5 BYTE) NOT NULL,
  "ID_INVENTORI" CHAR(6 BYTE) NOT NULL,
  "TANGGAL" DATE NOT NULL,
  "STATUS" VARCHAR2(20 BYTE) NOT NULL
);

-- ----------------------------

INSERT INTO "TRANSAKSI_103122400059" VALUES ('P10001', 'MM0111', 'JT001', 'IN1010', TO_DATE('2019-06-15 00:00:00', 'SYYYY-MM-DD HH24:MI:SS'), 'pesan');
INSERT INTO "TRANSAKSI_103122400059" VALUES ('P10002', 'MM0112', 'JT006', 'IN1009', TO_DATE('2019-06-16 00:00:00', 'SYYYY-MM-DD HH24:MI:SS'), 'pesan');
INSERT INTO "TRANSAKSI_103122400059" VALUES ('P10003', 'MM0113', 'JT008', 'IN1008', TO_DATE('2019-06-17 00:00:00', 'SYYYY-MM-DD HH24:MI:SS'), 'pesan');
INSERT INTO "TRANSAKSI_103122400059" VALUES ('P10004', 'MM0114', 'JT001', 'IN1007', TO_DATE('2019-06-18 00:00:00', 'SYYYY-MM-DD HH24:MI:SS'), 'pesan');
INSERT INTO "TRANSAKSI_103122400059" VALUES ('P10005', 'MM0115', 'JT006', 'IN1006', TO_DATE('2019-06-19 00:00:00', 'SYYYY-MM-DD HH24:MI:SS'), 'pesan');
INSERT INTO "TRANSAKSI_103122400059" VALUES ('P10006', 'MM0116', 'JT001', 'IN1001', TO_DATE('2019-06-20 00:00:00', 'SYYYY-MM-DD HH24:MI:SS'), 'bayar');
INSERT INTO "TRANSAKSI_103122400059" VALUES ('P10007', 'MM0117', 'JT008', 'IN1011', TO_DATE('2019-06-21 00:00:00', 'SYYYY-MM-DD HH24:MI:SS'), 'pesan');
INSERT INTO "TRANSAKSI_103122400059" VALUES ('P10008', 'MM0118', 'JT001', 'IN1003', TO_DATE('2019-06-22 00:00:00', 'SYYYY-MM-DD HH24:MI:SS'), 'pesan');
INSERT INTO "TRANSAKSI_103122400059" VALUES ('P10009', 'MM0119', 'JT006', 'IN1004', TO_DATE('2019-06-23 00:00:00', 'SYYYY-MM-DD HH24:MI:SS'), 'pesan');
INSERT INTO "TRANSAKSI_103122400059" VALUES ('P10010', 'MM0120', 'JT008', 'IN1005', TO_DATE('2019-06-24 00:00:00', 'SYYYY-MM-DD HH24:MI:SS'), 'checkin');

-- ----------------------------

ALTER TABLE "FILM_103122400059" ADD CONSTRAINT "FILM_103122400059_PK" PRIMARY KEY ("ID_FILM");
ALTER TABLE "INVENTORI_103122400059" ADD CONSTRAINT "INV_103122400059_PK" PRIMARY KEY ("ID_INVENTORI");
ALTER TABLE "JADWAL_103122400059" ADD CONSTRAINT "JADWAL_103122400059_PK" PRIMARY KEY ("ID_JADWAL");
ALTER TABLE "MEMBER_103122400059" ADD CONSTRAINT "MEMBER_103122400059_PK" PRIMARY KEY ("ID_MEMBER");
ALTER TABLE "THEATER_103122400059" ADD CONSTRAINT "THEATER_103122400059_PK" PRIMARY KEY ("ID_THEATER");
ALTER TABLE "TRANSAKSI_103122400059" ADD CONSTRAINT "TRANS_103122400059_PK" PRIMARY KEY ("KODE_PEMESANAN");

-- ----------------------------


ALTER TABLE "INVENTORI_103122400059" ADD CONSTRAINT "INV_103122400059_FK1" FOREIGN KEY ("ID_THEATER") REFERENCES "THEATER_103122400059" ("ID_THEATER") NOT DEFERRABLE INITIALLY IMMEDIATE NORELY VALIDATE;

ALTER TABLE "JADWAL_103122400059" ADD CONSTRAINT "JADWAL_103122400059_FK1" FOREIGN KEY ("ID_FILM") REFERENCES "FILM_103122400059" ("ID_FILM") ON DELETE CASCADE NOT DEFERRABLE INITIALLY IMMEDIATE NORELY VALIDATE;
ALTER TABLE "JADWAL_103122400059" ADD CONSTRAINT "JADWAL_103122400059_FK2" FOREIGN KEY ("ID_THEATER") REFERENCES "THEATER_103122400059" ("ID_THEATER") NOT DEFERRABLE INITIALLY IMMEDIATE NORELY VALIDATE;

ALTER TABLE "TRANSAKSI_103122400059" ADD CONSTRAINT "TRANS_103122400059_FK1" FOREIGN KEY ("ID_JADWAL") REFERENCES "JADWAL_103122400059" ("ID_JADWAL") NOT DEFERRABLE INITIALLY IMMEDIATE NORELY VALIDATE;
ALTER TABLE "TRANSAKSI_103122400059" ADD CONSTRAINT "TRANS_103122400059_FK2" FOREIGN KEY ("ID_INVENTORI") REFERENCES "INVENTORI_103122400059" ("ID_INVENTORI") NOT DEFERRABLE INITIALLY IMMEDIATE NORELY VALIDATE;
ALTER TABLE "TRANSAKSI_103122400059" ADD CONSTRAINT "TRANS_103122400059_FK3" FOREIGN KEY ("ID_MEMBER") REFERENCES "MEMBER_103122400059" ("ID_MEMBER") NOT DEFERRABLE INITIALLY IMMEDIATE NORELY VALIDATE;


-- ======================================================================

SELECT * FROM FILM_103122400059;
SELECT * FROM INVENTORI_103122400059;
SELECT * FROM JADWAL_103122400059;
SELECT * FROM MEMBER_103122400059;
SELECT * FROM THEATER_103122400059;
SELECT * FROM TRANSAKSI_103122400059;



SELECT 
    ID_THEATER, 
    KELAS, 
    HARGA AS HARGA_AWAL, 
    HARGA - (HARGA * 15 / 100) AS HARGA_DISKON, 
    KAPASITAS 
FROM THEATER_103122400059;



SELECT 
    TH.ID_THEATER, 
    NVL(SUM(CASE WHEN TR.KODE_PEMESANAN IS NOT NULL THEN TH.HARGA ELSE 0 END), 0) AS TOTAL_PEMASUKAN
FROM THEATER_103122400059 TH
LEFT JOIN JADWAL_103122400059 J ON TH.ID_THEATER = J.ID_THEATER
LEFT JOIN TRANSAKSI_103122400059 TR ON J.ID_JADWAL = TR.ID_JADWAL
GROUP BY TH.ID_THEATER
ORDER BY TH.ID_THEATER;